{
  "easing-duration": 0.25,
  "easing-mode": "ease-out",
  "background-color": "rgba(0, 0, 0, 0.26)",
  "text-color": "rgb(37, 37, 37)",
  "font": "Open Sans 11",
  "wedge-width": 300,
  "wedge-inner-radius": 58,
  "wedge-color": "rgba(0, 0, 0, 0.2)",
  "wedge-color-hover": "rgba(47, 47, 47, 0.2)",
  "wedge-separator-color": "rgba(255, 255, 255, 0.13)",
  "wedge-separator-width": 1,
  "center-color-mode": "auto",
  "center-color-mode-hover": "auto",
  "center-fixed-color": "rgb(215, 215, 215)",
  "center-fixed-color-hover": "rgb(215, 215, 215)",
  "center-auto-color-saturation": 0.75,
  "center-auto-color-saturation-hover": 0.75,
  "center-auto-color-luminance": 0.8,
  "center-auto-color-luminance-hover": 0.8,
  "center-auto-color-opacity": 1,
  "center-auto-color-opacity-hover": 1,
  "center-size": 110,
  "center-size-hover": 90,
  "center-icon-scale": 0.85,
  "center-icon-scale-hover": 0.85,
  "center-icon-opacity": 0.17,
  "center-icon-opacity-hover": 1,
  "center-icon-crop": 0.8,
  "center-icon-crop-hover": 0.8,
  "center-background-image": "",
  "center-background-image-hover": "",
  "child-color-mode": "auto",
  "child-color-mode-hover": "auto",
  "child-fixed-color": "rgb(255, 255, 255)",
  "child-fixed-color-hover": "rgb(255, 255, 255)",
  "child-auto-color-saturation": 0.9,
  "child-auto-color-saturation-hover": 1,
  "child-auto-color-luminance": 0.7,
  "child-auto-color-luminance-hover": 0.8802816901408451,
  "child-auto-color-opacity": 1,
  "child-auto-color-opacity-hover": 1,
  "child-size": 50,
  "child-size-hover": 64,
  "child-offset": 106,
  "child-offset-hover": 113,
  "child-icon-scale": 0.85,
  "child-icon-scale-hover": 0.85,
  "child-icon-opacity": 1,
  "child-icon-opacity-hover": 1,
  "child-icon-crop": 0.8,
  "child-icon-crop-hover": 0.8,
  "child-background-image": "",
  "child-background-image-hover": "",
  "child-draw-above": false,
  "grandchild-color-mode": "parent",
  "grandchild-color-mode-hover": "parent",
  "grandchild-fixed-color": "rgb(200, 200, 200)",
  "grandchild-fixed-color-hover": "rgb(200, 200, 200)",
  "grandchild-size": 12,
  "grandchild-size-hover": 15,
  "grandchild-offset": 22,
  "grandchild-offset-hover": 32,
  "grandchild-background-image": "",
  "grandchild-background-image-hover": "",
  "grandchild-draw-above": false,
  "trace-min-length": 200,
  "trace-thickness": 8,
  "trace-color": "rgb(200, 200, 200)"
}