{
  "easing-duration": 0.25,
  "easing-mode": "ease-out",
  "background-color": "rgba(0,0,0,0.266892)",
  "text-color": "rgb(206,206,206)",
  "font": "Open Sans Semi-Bold 11",
  "wedge-width": 300,
  "wedge-inner-radius": 58,
  "wedge-color": "rgba(0,0,0,0.192568)",
  "wedge-color-hover": "rgba(47,47,47,0.192554)",
  "wedge-separator-color": "rgba(255,255,255,0.131757)",
  "wedge-separator-width": 1,
  "center-color-mode": "fixed",
  "center-color-mode-hover": "fixed",
  "center-fixed-color": "rgb(52,52,52)",
  "center-fixed-color-hover": "rgb(52,52,52)",
  "center-auto-color-saturation": 0.78,
  "center-auto-color-saturation-hover": 0.78,
  "center-auto-color-luminance": 0.7,
  "center-auto-color-luminance-hover": 0.7,
  "center-auto-color-opacity": 1,
  "center-auto-color-opacity-hover": 1,
  "center-size": 110,
  "center-size-hover": 90,
  "center-icon-scale": 0.8,
  "center-icon-scale-hover": 0.8,
  "center-icon-opacity": 0.17,
  "center-icon-opacity-hover": 1,
  "center-icon-crop": 0.8,
  "center-icon-crop-hover": 0.8,
  "center-background-image": "",
  "center-background-image-hover": "",
  "child-color-mode": "fixed",
  "child-color-mode-hover": "auto",
  "child-fixed-color": "rgb(52,52,52)",
  "child-fixed-color-hover": "rgb(200, 200, 200)",
  "child-auto-color-saturation": 0.88,
  "child-auto-color-saturation-hover": 0.3591549295774648,
  "child-auto-color-luminance": 0.58,
  "child-auto-color-luminance-hover": 0.14084507042253522,
  "child-auto-color-opacity": 1,
  "child-auto-color-opacity-hover": 1,
  "child-size": 50,
  "child-size-hover": 64,
  "child-offset": 106,
  "child-offset-hover": 113,
  "child-icon-scale": 0.9,
  "child-icon-scale-hover": 0.9,
  "child-icon-opacity": 1,
  "child-icon-opacity-hover": 1,
  "child-icon-crop": 0.8,
  "child-icon-crop-hover": 0.8,
  "child-background-image": "",
  "child-background-image-hover": "",
  "child-draw-above": false,
  "grandchild-color-mode": "parent",
  "grandchild-color-mode-hover": "parent",
  "grandchild-fixed-color": "rgb(200, 200, 200)",
  "grandchild-fixed-color-hover": "rgb(255,255,255)",
  "grandchild-size": 12,
  "grandchild-size-hover": 25,
  "grandchild-offset": 22,
  "grandchild-offset-hover": 32,
  "grandchild-background-image": "",
  "grandchild-background-image-hover": "",
  "grandchild-draw-above": false,
  "trace-min-length": 200,
  "trace-thickness": 8,
  "trace-color": "rgb(52,52,52)"
}